column,null_count,pct_null
movement_type,8257,0.028351
completion_date,8257,0.028351
article,64214,0.220487
article_description,64214,0.220487
quantity,64242,0.220583
owner,64214,0.220487
location,124561,0.427696
external_order,129744,0.445493
